INSERT INTO PUBLIC.RESTAURANT (ID, NAME)
VALUES (1, 'Гинза');
INSERT INTO PUBLIC.DISH (id, price, NAME, RESTAURANT_ID)
VALUES (1, 100, 'Цезарь с креветками', 1);
INSERT INTO PUBLIC.DISH (id, price, NAME, RESTAURANT_ID)
VALUES (2, 200, 'Греческий салат', 1);
INSERT INTO PUBLIC.DISH (id, price, NAME, RESTAURANT_ID)
VALUES (3, 350, 'Тёщин борщ с сальцом', 1);

INSERT INTO PUBLIC.RESTAURANT (ID, NAME)
VALUES (2, 'Мама Италия');
INSERT INTO PUBLIC.DISH (id, price, NAME, RESTAURANT_ID)
VALUES (51, 100, 'Греческий салат', 2);
INSERT INTO PUBLIC.DISH (id, price, NAME, RESTAURANT_ID)
VALUES (52, 200, 'Салат с говядиной', 2);
INSERT INTO PUBLIC.DISH (id, price, NAME, RESTAURANT_ID)
VALUES (53, 350, 'Свекровин борщ с чесноком', 1);

INSERT INTO PUBLIC.MENU (ID, DATE, RESTAURANT_ID)
VALUES (1, '2024-04-01', 1);
INSERT INTO PUBLIC.MENU_DISH (MENU_ID, DISH_ID)
VALUES (1, 1);
INSERT INTO PUBLIC.MENU_DISH (MENU_ID, DISH_ID)
VALUES (1, 2);
INSERT INTO PUBLIC.MENU_DISH (MENU_ID, DISH_ID)
VALUES (1, 3);

INSERT INTO PUBLIC.MENU(ID, DATE, RESTAURANT_ID)
VALUES (2, '2024-04-01', 2);
INSERT INTO PUBLIC.MENU_DISH (MENU_ID, DISH_ID)
VALUES (2, 51);
INSERT INTO PUBLIC.MENU_DISH (MENU_ID, DISH_ID)
VALUES (2, 52);
INSERT INTO PUBLIC.MENU_DISH (MENU_ID, DISH_ID)
VALUES (2, 53);

INSERT INTO PUBLIC.USERS(ID, NAME, EMAIL)
VALUES (1, 'Пётр', 'peter@domain.ru');
INSERT INTO PUBLIC.USERS(ID, NAME, EMAIL)
VALUES (2, 'Борис', 'boris@domain.ru');
INSERT INTO PUBLIC.USERS(ID, NAME, EMAIL)
VALUES (3, 'Админ', 'admin@domain.com');

INSERT INTO PUBLIC.USER_ROLE(ROLE, USER_ID)
VALUES ('USER', 1);
INSERT INTO PUBLIC.USER_ROLE(ROLE, USER_ID)
VALUES ('USER', 2);
INSERT INTO PUBLIC.USER_ROLE(ROLE, USER_ID)
VALUES ('ADMIN', 3);

INSERT INTO PUBLIC.VOTE(ID, DATE, USER_ID, MENU_ID)
VALUES (1, '2024-04-01', 1, 1);
